,segment,count
2857,，,1486
2116,的,1185
88,。,484
2, ,412
2854,！,408
1289,很,382
636,励志,359
339,了,325
2086,电影,271
1449,我,219
2140,看,196
1694,是,193
1032,好,172
1735,有,171
1052,好看,152
273,不错,139
2695,都,134
333,也,127
364,人,123
203,不,101
2384,自己,97
80,…,91
633,努力,88
1544,挺,86
1662,日本,83
1412,感动,82
2472,让,81
2598,还,80
2337,老师,76
115,一个,76
796,和,75
444,你,72
2772,非常,72
177,一部,71
613,剧情,70
681,去,67
1891,没有,67
771,吧,66
2187,真的,65
880,在,64
837,喜欢,62
728,可以,61
1160,就,61
1393,想,54
2600,还是,52
815,哭,51
2024,片,51
2373,能量,48
2370,能,47
415,会,47
2818,高考,45
430,但是,45
2767,青春,45
1409,感人,44
1596,故事,43
2462,觉得,43
1163,就是,42
2500,说,42
1090,学生,42
1837,正,41
825,啊,41
1093,孩子,41
2625,这部,40
2026,片子,39
2150,看到,39
428,但,38
1422,感觉,37
1604,教育,37
1083,学习,37
2421,虽然,37
1451,我们,36
467,值得,36
2303,给,35
468,值得一看,35
1680,时候,34
295,中,34
2821,鸡汤,34
2547,超级,32
1100,完,32
1298,很多,32
87,、,31
191,上,31
2616,这样,31
2605,这,31
1868,比较,31
928,多,31
2837,,31
2452,要,30
1065,妈妈,30
2165,看看,30
1307,很棒,30
1283,影片,30
2590,过,29
972,太,29
376,人生,28
0,"
",28
242,不是,27
1061,如果,27
595,到,26
1010,女主,26
1565,推荐,26
1133,对,25
2647,适合,25
2680,那么,25
2445,被,25
2606,这个,24
785,呢,24
2034,特别,24
1401,想起,24
168,一般,23
687,又,23
207,不会,23
1821,梦想,22
1002,奋斗,22
2194,着,22
1713,更,22
269,不过,22
859,因为,22
2862,？,21
2679,那个,21
404,们,21
1883,没,21
307,为,21
529,再,20
734,可能,20
2177,真实,20
1959,满满的,20
380,什么,20
2703,里,20
1756,有点,19
2170,看过,19
276,与,19
151,一次,19
150,一样,19
1721,最,19
950,大学,19
1019,女主角,19
1030,她,18
2354,而,18
1865,比,18
297,中国,18
1198,希望,18
2054,现在,18
1724,最后,17
2805,高中,17
2075,生活,17
1316,得,17
1505,把,17
2586,辣妹,17
2423,蛮,17
2866,～,16
267,不要,16
2206,知道,16
1993,热血,16
1403,意义,16
1423,感触,16
1480,才,16
471,做,16
173,一起,16
1521,拍,16
2297,经历,15
1860,每个,15
620,力量,15
2607,这么,15
1440,成功,15
810,哦,15
309,为了,15
1785,来,14
1357,怎么,14
1235,应该,14
521,其实,14
1880,沙耶加,14
1144,小,14
1239,开始,14
1854,母亲,14
1390,情节,14
2135,相信,14
1761,朋友,13
2664,遇到,13
1739,有人,13
2601,还有,13
668,却,13
90,》,13
89,《,13
627,加油,13
725,只要,13
113,一,13
161,一直,13
899,坚持,13
386,从,13
1226,并,12
490,充满,12
906,垫底,12
2621,这种,12
2769,青春片,12
733,可爱,12
391,他,12
2709,重要,12
1593,放弃,12
329,之后,12
2243,笑,12
1975,激励,12
11,.,12
2179,真心,12
756,后悔,12
1906,泪点,11
2182,真是,11
2166,看着,11
2509,读书,11
2172,真,11
2681,那些,11
392,他们,11
136,一定,11
2543,超,11
2830,鼓励,11
2341,考上,11
2248,第一次,11
722,只是,11
1545,挺不错,11
2704,里面,11
2012,爱情,11
2335,老套,10
2055,现实,10
2302,结果,10
2788,题材,10
1128,家长,10
156,一点,10
2018,父母,10
1879,永远,10
5,(,10
266,不行,10
843,嗯,10
1982,点,10
838,喝,10
1089,学渣,10
1102,完全,10
260,不能,10
3,!,10
1414,感同身受,10
1215,平淡,10
2355,而且,10
886,地,10
292,个,10
281,世界,10
2651,逆袭,10
719,只,10
653,十分,10
371,人心,10
226,不好,10
1956,满分,10
1582,支持,10
341,事,10
1679,时代,10
723,只有,10
1782,村花,10
1395,想到,9
2260,简单,9
283,东西,9
363,亲情,9
2231,积极向上,9
1948,温暖,9
2803,高,9
2486,评分,9
6,),9
572,分,9
2599,还好,9
2641,迷茫,9
1822,棒,9
952,大家,9
1023,女儿,9
2804,高三,9
1043,好好,9
2677,那,9
1968,演技,9
77,“,9
1657,日剧,9
1647,无聊,9
78,”,9
416,伟大,8
605,前,8
2460,观看,8
1439,成为,8
1962,漂亮,8
1789,来说,8
2308,绝对,8
481,像,8
401,以后,8
458,俗套,8
2755,难得,8
732,可是,8
1630,方式,8
510,共鸣,8
1465,或许,8
2615,这是,8
258,不管,8
1199,带,8
911,堕胎,8
1725,最大,8
1472,所有,8
1666,日语,8
1587,改变,8
868,国内,8
334,也许,8
2126,目标,8
887,地方,8
767,吗,8
2434,补习,8
828,啦,8
1886,没什么,8
735,可能性,8
629,动力,8
2532,赞,8
1738,有些,8
1745,有志者事竟成,8
2541,起来,8
1947,温情,7
1483,打,7
1765,期待,7
1997,然后,7
1858,每,7
2019,爸爸,7
592,别人,7
603,刻画,7
2083,田,7
690,友情,7
375,人物,7
1577,搞笑,7
1720,曾经,7
1681,时光,7
2758,难看,7
2213,确实,7
68,~,7
1957,满满,7
2299,结局,7
196,下,7
2358,而是,7
1371,总体,7
849,回,7
2469,触动,7
865,国产,7
1272,当年,7
221,不同,7
1269,当初,7
1266,当,7
903,坪,7
1207,干,7
2350,考研,7
1195,已经,7
941,大,7
1140,导演,7
169,一般般,7
2594,过程,7
164,一种,7
2603,还行,7
1095,它,7
2620,这碗,7
1069,妹子,7
1416,感情,7
2328,羡慕,7
2326,美好,7
2261,简直,6
2119,的话,6
2855,（,6
1773,本来,6
2560,跟,6
2089,电影院,6
755,后,6
193,上映,6
776,启发,6
1240,开心,6
1698,是因为,6
2856,）,6
2764,需要,6
1678,时,6
1301,很少,6
2720,错过,6
238,不想,6
1658,日子,6
2175,真人真事,6
406,任何,6
2289,细腻,6
2062,理想,6
850,回到,6
326,之,6
2686,那样,6
526,内容,6
523,典型,6
2671,遗憾,6
48,^,6
1051,好片,6
1057,好评,6
118,一些,6
1081,学,6
2044,狗血,6
128,一句,6
2699,配音,6
1108,完美,6
2010,爱,6
2014,父亲,6
485,儿子,6
757,后来,6
1134,对于,6
2454,要是,6
2493,该,6
1400,想象,6
804,哈哈,6
251,不看,6
310,为什么,6
1413,感受,6
293,个人,6
1631,方法,6
1369,总之,6
1368,总,6
1388,情感,6
995,失败,5
1588,改编,5
344,事情,5
2067,理解,5
2844,,5
1768,未来,5
1088,学校,5
1965,演员,5
611,剧,5
1600,教,5
751,名字,5
554,几次,5
2419,落泪,5
2066,理由,5
560,出,5
86,❤,5
160,一生,5
1114,实现,5
2230,积极,5
163,一碗,5
715,叛逆,5
591,别,5
2688,那段,5
2822,鸡血,5
2381,自信,5
1467,戳,5
1787,来看,5
2840,,5
2860,：,5
1429,愿意,5
2533,走,5
1125,家庭,5
1286,影院,5
241,不断,5
731,可惜,5
1659,日式,5
790,味道,5
1530,拼命,5
2269,类似,5
1025,女孩,5
2806,高中时代,5
1237,建议,5
1685,时间,5
2197,睡着,5
2490,话,5
2662,逼,5
1281,影子,5
694,反正,5
888,场景,5
1726,最好,5
306,中间,5
2723,长,5
1262,强烈推荐,5
1373,总是,5
319,主角,5
1354,怀念,5
1513,抵制,5
1715,更好,5
1036,好像,5
1714,更加,5
1464,或者,4
1848,死,4
1922,浓浓的,4
1445,成绩,4
568,出来,4
1907,泪目,4
2831,鼓舞,4
1028,女生,4
1459,我要,4
1104,完后,4
763,向,4
718,另,4
795,咋,4
1078,存在,4
1547,挺正,4
1063,如此,4
1537,按照,4
1469,所,4
867,国人,4
905,型,4
904,垃圾,4
1606,教育片,4
1448,成长,4
746,同学,4
1470,所以,4
743,各种,4
2807,高中生,4
966,天,4
2846,,4
1533,拼搏,4
1310,很漂亮,4
854,回忆,4
848,嘿嘿,4
1325,心中,4
672,压力,4
1227,幸福,4
1754,有泪点,4
1224,年轻,4
1205,帮助,4
1841,正是,4
1824,棒棒,4
761,吐,4
1799,果然,4
773,听,4
2834,龙樱,4
1149,小时,4
1154,少,4
1585,收获,4
1164,就算,4
1638,无感,4
1778,机会,4
1190,差,4
1776,本身,4
1399,想要,4
1232,庆应,4
2689,那种,4
2189,眼泪,4
328,之前,4
1987,烂,4
2291,细节,4
2292,终于,4
2609,这些,4
2429,行,4
2422,虽说,4
399,以前,4
152,一步,4
2733,闺蜜,4
2394,舒服,4
2591,过去,4
461,信心,4
345,事竟成,4
2364,背,4
2137,相当,4
2336,老妈,4
2511,谎言,4
2167,看见,4
2363,肯定,4
2156,看得,4
2706,重新,4
2141,看一遍,4
2351,考试,4
2743,除了,4
504,全程,4
2356,而已,4
390,从头,4
1950,温馨,4
449,使,4
114,一下,4
2435,补习班,4
2106,略,4
2459,观影,4
237,不怕,4
2439,表现,4
124,一切,4
2265,篇,4
2113,痛苦,4
383,今天,4
518,其中,4
2268,类,4
2466,角色,4
441,作为,4
2477,讲,4
2481,讲述,4
512,关于,4
350,于,4
1349,快乐,3
807,哎,3
1356,态度,3
833,善良,3
2379,腿,3
2438,表演,3
73,ω,3
2836,,3
1406,意思,3
257,不算,3
2393,至少,3
1377,恋爱,3
2353,者,3
527,内心,3
2320,网上,3
1419,感染力,3
2833,龙,3
2277,紧张,3
1528,拥有,3
1529,拼,3
2273,精神,3
2271,精彩,3
2254,等,3
1541,挫折,3
33,9,3
727,可,3
35,9.2,3
724,只能,3
367,人们,3
369,人去,3
2233,稀里哗啦,3
1551,损失,3
2282,纯,3
760,后面,3
67,|,3
779,吸引,3
2349,考生,3
301,中文,3
791,呵呵,3
2744,陪,3
2323,美,3
1329,心情,3
2311,继续,3
337,买,3
320,主题,3
323,么,3
770,否定,3
1473,所有人,3
336,习惯,3
1481,才能,3
1330,心灵鸡汤,3
1313,很赞,3
2443,表达,3
248,不然,3
1092,学霸,3
139,一年,3
983,太棒了,3
1097,安利,3
142,一把,3
1112,实在,3
2604,还要,3
10,",",3
158,一点点,3
964,大赞,3
1129,容易,3
171,一贯,3
1141,将,3
1156,少年,3
1158,尝试,3
2705,重,3
951,大学毕业,3
133,一塌糊涂,3
131,一场,3
1087,学弟,3
1008,女,3
1039,好喝,3
99,に,3
2684,那句话,3
1044,好好学习,3
1045,好好看,3
120,一件,3
122,一会儿,3
1007,套路,3
991,失去,3
2642,追寻,3
1005,奔,3
127,一半,3
998,夸张,3
1085,学妹,3
1086,学子,3
992,失望,3
1159,尤其,3
1168,尽全力,3
1183,岛国,3
1300,很大,3
1273,当时,3
1274,当然,3
1279,影响,3
2851,,3
1285,影评,3
17,10,3
2850,,3
2484,设计,3
2495,该是,3
233,不得不,3
712,变成,3
2464,角度,3
1318,得到,3
240,不懈努力,3
1328,心底,3
851,回去,3
223,不够,3
2715,铃司,3
2564,路上,3
200,下来,3
1191,差不多,3
1196,师生,3
2554,足够,3
1203,帮,3
1210,平凡,3
1223,年纪,3
2549,超赞,3
1228,幸运,3
2501,说出,3
1230,幽默,3
2540,起伏,3
1231,庆幸,3
212,不像,3
1249,引导,3
893,坐,3
2510,谁,3
2229,种种,3
781,呃,3
1857,母爱,3
2008,爆棚,3
550,几乎,3
1633,旁边,3
1632,方面,3
38,@,3
549,几个,3
398,以为,3
2117,的确,3
677,原本,3
685,参加,3
547,准备,3
1794,极致,3
1750,有时候,3
2101,画面,3
1622,斗志,3
514,关注,3
2184,真正,3
1889,没想到,3
2001,煽情,3
1733,最近,3
2002,熟悉,3
498,全世界,3
671,厉害,3
445,你们,3
1813,根据,3
1992,热泪盈眶,3
582,刚,3
1861,每天,3
1653,无限,3
2777,面临,3
447,佩服,3
635,努力学习,3
1746,有意思,3
1695,是不是,3
418,传统,3
2796,马上,3
647,包场,3
436,体现,3
2203,矛盾,3
1771,本人,3
2778,面对,3
2078,用,3
525,内,3
1924,浪费,3
2093,电车男,3
384,今年,3
596,到位,3
707,变,3
2219,票,3
2780,音乐,3
1936,深度,3
1831,樱,3
579,分钟,3
698,发展,3
2790,颜值,3
691,反应,3
1902,泪,3
693,反映,3
2198,睡觉,3
1704,普通,3
2065,理智,3
1949,温柔,3
2783,预想,2
1175,居然,2
2561,跟上,2
1171,尾,2
2563,路,2
2569,身上,2
1819,梦,2
1181,岁月,2
1180,属于,2
1193,差生,2
1186,工作,2
1189,工藤沙耶加,2
2025,片名,2
1188,工藤,2
1177,屌丝,2
1192,差点,2
1185,崩,2
1212,平实,2
1197,师者,2
2033,特,2
2779,韩国,2
2513,貌似,2
2516,责任,2
2521,贯穿,2
2525,贴近生活,2
1233,应,2
2527,贵在,2
2530,资格,2
2714,钱,2
2538,赶上,2
2061,理念,2
2037,特有,2
2031,牛,2
2557,跌宕起伏,2
2546,超棒,2
2550,超越,2
2030,版,2
1800,枯燥,2
1213,平平淡淡,2
1166,尴尬,2
1810,树立,2
2552,越,2
2553,足以,2
1812,样子,2
1202,带给,2
1201,带来,2
2787,颇深,2
1846,此片,2
2572,身旁,2
1955,满,2
1903,泪奔,2
1067,妹儿,2
1897,治愈,2
1952,湿润,2
1071,始终,2
1077,字幕,2
2635,连,2
2573,身边,2
1079,孤单,2
1885,没人,2
1082,学业,2
2631,进来,2
2629,进去,2
1958,满满地,2
2644,退缩,2
1064,妈,2
1062,如果说,2
2645,送,2
1058,如何,2
2649,逆,2
1055,好萌,2
2694,部好,2
1911,活,2
2655,通过,2
1046,好感,2
2657,造,2
2669,道,2
2670,道理,2
1926,浮夸,2
1040,好多,2
1935,深刻,2
1872,气息,2
1871,民族,2
2626,这里,2
1850,段,2
2578,轰轰烈烈,2
2579,轻易,2
1826,森林,2
1832,樱差,2
2581,较,2
2583,辛苦,2
1148,小孩,2
2587,边,2
2020,爸爸妈妈,2
1845,此,2
2588,达到,2
1257,强,2
2006,燃起,2
2595,运气,2
1127,家里,2
1869,比龙,2
1126,家教,2
2003,燃,2
1123,家人,2
1122,家,2
1853,毅力,2
1119,宣传,2
1117,审美,2
1855,母女,2
2610,这件,2
2614,这才,2
1098,安慰,2
1867,比起,2
2617,这次,2
1969,演绎,2
1253,引进,2
2228,离开,2
1261,强烈,2
2304,给与,2
2181,真挚,2
2310,绝望,2
1649,无论,2
2305,给予,2
1468,戴,2
2183,真是太,2
2745,陪伴,2
1942,清华,2
2300,结束,2
2298,结尾,2
1635,无,2
2293,终生,2
1628,新颖,2
1486,打工,2
1463,或是,2
2319,缺点,2
2155,看好,2
1436,戏,2
1425,感谢,2
1670,早就,2
1432,懂,2
1667,日语原声,2
2343,考到,2
1,,2
1664,日系,2
1458,我能,2
2340,考,2
2756,难得一见,2
2173,真不错,2
2332,耀眼,2
2174,真人,2
2827,黑着,2
1490,打瞌睡,2
1626,新干线,2
1624,新,2
1594,放映,2
2746,随便,2
1602,教室,2
1543,振奋人心,2
2812,高兴,2
1595,放松,2
2244,笑点,2
2216,社会,2
1493,打算,2
2241,站,2
2240,立意,2
2238,突然,2
2747,随着,2
2225,离不开,2
1568,描绘,2
2809,高二才,2
2263,算不上,2
1613,整个,2
1538,挑战,2
2270,类型,2
1614,整体,2
1616,整天,2
1525,拖沓,2
2274,系列,2
1523,拍摄,2
2196,睡,2
1517,担心,2
2281,纠葛,2
1511,抱,2
2286,线,2
1499,执着,2
1497,扣,2
1676,早点,2
2763,電影,2
2069,瓶颈,2
1744,有志者,2
1306,很暖心,2
2470,认为,2
1308,很正,2
1749,有时,2
1748,有所不同,2
2102,画面感,2
1324,心,2
1752,有村,2
1742,有太多,2
2107,略显,2
1737,有事,2
2453,要好看,2
1736,有个,2
2801,骗,2
1303,很强,2
2100,男票,2
1417,感慨,2
1276,形容词,2
1777,朴实,2
2506,请,2
2077,生硬,2
1774,本片,2
2091,电视,2
2853,,2
1277,形象,2
1757,有着,2
2491,诠释,2
1764,期,2
2095,男主,2
2487,评论,2
1574,搞,2
1292,很久没,2
1333,心里,2
1336,必看,2
2442,表示,2
1405,意志,2
2130,直到,2
1397,想法,2
2390,自觉,2
2388,自然,2
2738,阶段,2
1712,曲折,2
1708,暖心,2
1339,必须,2
1699,显得,2
2739,阿,2
2134,相似,2
2765,青少年,2
2145,看不起,2
2147,看会,2
2843,,2
2128,直,2
1389,情绪,2
2399,良师,2
2412,莫名,2
1385,情,2
2414,获得成功,2
1375,总能,2
1716,更是,2
2125,目前,2
1370,总会,2
2120,皆,2
2430,行为,2
2774,非要,2
2845,,2
1729,最棒,2
1731,最终,2
2099,男朋友,2
1434,懂得,2
2867,ﾟ,2
397,令人感动,2
412,优秀,2
409,企业,2
408,仿佛,2
116,一个个,2
407,任性,2
403,以往,2
593,别国,2
875,圆梦,2
123,一位,2
125,一刻,2
873,国语,2
400,以及,2
126,一剂,2
414,伙伴,2
600,刷,2
394,付出,2
866,国产片,2
604,刻苦,2
134,一天,2
863,困难,2
862,因素,2
860,因材施教,2
138,一幕,2
140,一张,2
857,回报,2
145,一本,2
885,在读,2
419,传记小说,2
955,大概,2
83,▽,2
939,多种,2
935,多年,2
443,作用,2
442,作品,2
930,多么,2
564,出发,2
79,•,2
924,处理,2
923,处于,2
567,出彩,2
921,声音,2
435,体会,2
85,✪,2
420,传达,2
914,塑造,2
91,あ,2
96,ず,2
900,坚持不懈,2
424,伤心,2
897,坚信,2
100,の,2
102,ら,2
421,传递,2
894,坐在,2
106,を,2
891,坏,2
855,回忆起,2
853,回家,2
847,嘲讽,2
243,不晚,2
666,即将,2
787,周围,2
784,告诉,2
317,主要,2
780,呀,2
778,启迪,2
775,听到,2
230,不少,2
678,原来,2
679,原版,2
683,去年,2
689,及,2
303,中有,2
614,剧本,2
692,反思,2
249,不用,2
294,个人感觉,2
700,发现自己,2
290,两次,2
747,同样,2
705,受到,2
286,两个,2
710,变得,2
713,叙事,2
736,可见,2
721,只想,2
331,之间,2
664,即使,2
216,不到,2
794,命运,2
154,一段,2
157,一点一点,2
166,一群,2
841,喷,2
178,一面,2
634,努力奋斗,2
638,勇于,2
640,勇往直前,2
365,人下,2
643,勵志,2
827,啥子,2
648,包袱,2
826,啥,2
824,商业片,2
819,唉,2
356,些,2
201,下次,2
353,互相,2
812,哪个,2
351,于是,2
349,二战,2
808,哒,2
805,哈哈哈,2
211,不停,2
662,卡哇伊,2
544,冲着,2
274,不错呀,2
46,[,2
528,内涵,2
985,太烂,2
967,天不造,2
50,bgm,2
16,1,2
1031,她们,2
496,党,2
1026,女孩子,2
488,充分,2
539,写,2
1027,女朋友,2
961,大碗,2
479,催泪,2
14,/,2
7,*,2
1000,奇幻,2
531,再也不会,2
1022,女人,2
4,#,2
993,失落,2
49,_,2
466,借鉴,2
517,兴趣,2
40,AV,2
978,太多,2
19,117,2
41,B,2
47,],2
519,其他,2
532,再战,2
347,二刷,1
343,事实,1
2288,细水长流,1
2283,纸,1
2287,组团,1
346,二,1
2285,纸张,1
2284,纸带,1
2290,细致,1
2294,终究,1
342,事件,1
332,乏味,1
2306,给力,1
322,久违,1
324,义务,1
325,义无反顾,1
327,之一,1
2301,结束语,1
330,之类,1
494,光芒四射,1
2009,爆表,1
335,习以为常,1
491,先,1
493,光环,1
2011,爱上,1
492,光明,1
2296,经典电影,1
2295,经典,1
348,二弟,1
2013,爱情片,1
338,买错,1
340,了解,1
2015,父女,1
2082,甩,1
2280,纠结,1
2250,第二场,1
2258,签字笔,1
2257,等等等等,1
484,儿女,1
2256,等等,1
2255,等于,1
361,亮点,1
2253,第四,1
2252,第六,1
2251,第二次,1
2249,第二,1
2259,简介,1
362,亲子,1
2247,第一句,1
2246,第一印象,1
2245,笨蛋,1
483,儿,1
366,人之常情,1
2027,片有,1
2242,竟然,1
2028,片超,1
486,元气,1
360,产生共鸣,1
2016,父女情,1
354,五个,1
2279,累,1
2278,紧绷,1
2017,父子,1
2276,素质教育,1
2307,绝不,1
489,充斥,1
352,互动,1
2272,精湛,1
487,兄弟姐妹,1
355,五百年,1
359,产生,1
2021,爹,1
2022,爽,1
2267,米,1
2023,爽朗,1
2266,簡直,1
357,交融,1
2264,節奏緊,1
358,亦,1
2262,算,1
2275,純去,1
2313,缓缓,1
321,举手投足,1
2007,爆发,1
2371,能克服,1
285,丢失,1
2369,胶片,1
2368,背边,1
2367,背景音乐,1
2366,背景,1
2365,背到,1
1995,無,1
287,两家,1
2362,肤浅,1
1996,焦点,1
2361,耳机,1
2360,而言,1
2359,而流,1
288,两年,1
2357,而成,1
289,两张,1
291,两部,1
500,全力以赴,1
2352,考进,1
296,中会,1
2372,能够,1
284,丝毫,1
2374,脆弱,1
279,专注,1
275,不顾一切,1
2392,臭,1
2391,自身,1
277,与否,1
2389,自然而然,1
278,专业,1
2387,自暴自弃,1
2386,自我,1
2385,自律,1
2383,自家,1
2375,脏话,1
2382,自动铅笔,1
280,世上,1
2380,自从,1
282,东大,1
501,全国,1
1994,热血沸腾,1
2378,脸大,1
2377,脸,1
2376,脱离,1
298,中学,1
299,中影,1
2348,考得,1
316,主旨,1
497,入学考试,1
2325,美女,1
2324,美丽,1
314,主体,1
2322,羊姐,1
2321,网铺,1
315,主和女,1
2004,燃烧,1
2005,燃爆,1
2318,缺少,1
2327,美的,1
2317,缺乏,1
2316,缺,1
2315,缘故,1
2314,编剧,1
370,人师,1
2312,绵阳,1
495,光荣,1
318,主观,1
2309,绝无,1
313,主,1
312,为时未晚,1
2347,考川大,1
2338,老爷,1
2346,考完,1
2345,考大学,1
2344,考取,1
300,中心思想,1
2342,考入,1
302,中文字幕,1
1998,然而,1
1999,煎熬,1
2339,老王,1
304,中考,1
499,全体,1
305,中途,1
2000,煽动性,1
308,为主,1
2334,老公,1
2333,老,1
311,为数不多,1
2331,翻译,1
2330,翘,1
2329,翎司,1
368,人会,1
373,人数,1
2239,窝心,1
372,人性,1
2139,相比,1
2138,相当于,1
429,但会,1
2136,相吻合,1
431,位像,1
432,低,1
2133,直面,1
2132,直接,1
2131,直奔,1
470,偏见,1
469,偏执,1
433,低俗,1
2129,直入,1
434,低级趣味,1
2068,璞玉,1
2127,盲目,1
465,借助,1
437,体贴,1
2124,目不转睛,1
2123,盗版,1
2122,盐,1
427,似的,1
426,似乎,1
2142,看不下去,1
2151,看勵,1
2160,看成,1
2159,看想,1
2158,看得见,1
2157,看得人,1
422,传道,1
2154,看多,1
2153,看吧,1
2152,看后,1
2060,班主任,1
423,传闻中,1
2143,看不到,1
2149,看出,1
473,做好,1
472,做到,1
2148,看似,1
2063,理想化,1
2146,看书,1
2064,理所当然,1
425,伴随,1
2144,看不懂,1
2121,皆大欢喜,1
2070,甚至,1
438,体贴入微,1
2092,电视剧,1
451,使得,1
452,依旧,1
453,依然,1
2098,男孩,1
2097,男二,1
2096,男主角,1
454,依靠,1
2094,男,1
455,侮辱,1
456,便,1
2103,畅销书,1
2090,电脑,1
457,促使,1
2088,电影演员,1
2087,电影吧,1
2080,用到,1
459,保存,1
2085,由此,1
2084,由于,1
460,信任,1
450,使人,1
2104,留下,1
2071,生,1
2114,百,1
2072,生动,1
439,体验,1
2073,生厌,1
2118,的确如此,1
2074,生命,1
440,何尝,1
464,倒流,1
2076,生活态度,1
2115,百分百,1
463,信条,1
2105,留白,1
2112,痛感,1
462,信念,1
2111,痛处,1
2110,疯玩,1
2109,疯狂,1
2108,疯,1
446,你活,1
2079,用于,1
448,佳片,1
2059,班,1
2161,看来,1
2162,看样子,1
2036,特效,1
2032,牛奶,1
385,仍然,1
2215,磨合,1
2214,碌碌无为,1
478,偶尔,1
387,从不,1
2212,确定,1
2211,砸,1
2035,特地去,1
2210,砖头,1
2218,神片,1
2209,短时间,1
2208,短发,1
2207,矫揉造作,1
388,从事,1
2205,知心,1
477,偶,1
2038,特色,1
2204,知名,1
389,从前,1
2217,祖国,1
382,今后,1
2039,犯不上,1
378,人能,1
2029,片里,1
2237,空头支票,1
2236,究竟,1
2235,稳当,1
2234,程度,1
2081,用心,1
2232,稀罕,1
374,人无语,1
377,人生目标,1
482,優秀,1
2220,祭奠,1
379,人请,1
2227,离家出走,1
2226,离场,1
381,仅,1
480,傻子,1
2224,离,1
2223,福泽谕吉,1
2222,福气,1
2221,禁不住,1
2202,瞬间,1
2201,瞧不起,1
2163,看法,1
410,伐,1
2051,玩耍,1
405,价值,1
2052,环境,1
2053,环环相扣,1
2180,真想,1
475,做题,1
2178,真实感,1
474,做起,1
2176,真好,1
411,休息,1
402,以外,1
413,优等生,1
2056,现实生活,1
2171,看鬼,1
2169,看起来,1
2168,看该,1
417,传播,1
2057,现状,1
2164,看片,1
2058,玻璃心,1
2050,玩意,1
2185,真特,1
2200,瞎,1
2192,眼睛,1
2040,状态,1
2041,犹豫,1
2199,睫毛,1
393,他妈的,1
395,付诸行动,1
2195,着想,1
2042,狗,1
396,令人,1
2395,般的,1
2191,眼眶,1
2049,猪,1
2043,狗屎,1
2190,眼球,1
476,健康,1
2188,眼前一亮,1
2045,独生子女,1
2186,真理,1
2046,狭隘,1
2047,猛升,1
2048,猜,1
2193,眼角,1
2437,补课班,1
2396,般般,1
92,い,1
2717,铲雪,1
2716,铅笔,1
81,↖,1
82,↗,1
2713,针对,1
2712,金逸,1
2711,野子,1
2710,重读,1
2708,重点,1
2707,重来,1
84,✧,1
2702,醒来,1
65,start,1
2701,醉,1
2700,酱,1
93,か,1
2698,配得,1
2697,配合,1
2696,鄙视,1
94,こ,1
95,し,1
2693,部分,1
2692,邻国,1
2691,邪恶,1
2718,银泰城,1
2719,铺垫,1
2721,锦江,1
2722,镜头,1
69,´,1
70,̀,1
71,́,1
2742,院线,1
2741,降低,1
2740,陌生,1
72,Σ,1
74,Д,1
2737,阴暗,1
2736,阳光,1
2735,闺蜜情,1
2734,闺蜜们,1
75,و,1
2732,闺密,1
2731,闷,1
2730,间,1
2729,闲,1
2728,问题,1
2727,问,1
2726,闪现,1
2725,长得,1
2724,长大,1
76,๑,1
2690,那阵子,1
97,っ,1
2687,那根,1
110,ル,1
111,ヾ,1
2654,通往,1
2653,這部片,1
2652,选择,1
112,ㅂ,1
2650,逆向,1
2648,逃避,1
117,一个多,1
2646,送上,1
119,一代,1
121,一份,1
2643,追求,1
2640,迷人,1
2639,迷,1
2638,迭起,1
2637,迟到,1
2636,连天,1
2634,违和感,1
2633,远方,1
2632,进而,1
129,一味,1
2630,进口,1
130,一哄,1
2656,逝去,1
2658,造化,1
98,と,1
2659,造就,1
2685,那年,1
2683,那句,1
2682,那份,1
101,は,1
103,り,1
2678,那一刻,1
104,る,1
2676,還不錯,1
2675,遵从,1
2674,遭遇,1
2673,遭,1
2672,遥远,1
105,ろ,1
107,ゝ,1
2668,過程,1
2667,遇见,1
2666,遇挫,1
2665,遇到困难,1
108,ギ,1
2663,遇上,1
109,ャ,1
2661,逻辑,1
2660,造梦师,1
66,up,1
2748,隐约,1
2397,良多,1
31,80,1
27,4,1
2832,龍櫻,1
28,5,1
29,65,1
2829,默默,1
2828,黑马,1
30,7,1
2826,黑头发,1
2825,黑,1
2824,麻麻,1
2823,鹅,1
32,81,1
2749,隐隐约约,1
2820,鲜师,1
2819,鬼子,1
34,9.1,1
2817,高是,1
2816,高才,1
2815,高度,1
2814,高压,1
2813,高分,1
36,;,1
2811,高于,1
2810,高二看,1
26,32,1
2835,龙樱放,1
25,3,1
24,2T,1
2865,｀,1
2864,＼,1
2863,＠,1
2861,；,1
8,+,1
2859,．,1
2858,－,1
9,+_+,1
13,....,1
15,0,1
2852,,1
18,100,1
2849,,1
2848,,1
2847,,1
20,13,1
21,2,1
22,2014,1
2842,,1
2841,,1
23,211,1
2839,,1
2838,,1
37,>,1
2808,高二,1
39,A,1
55,dhk,1
56,l,1
2771,非人,1
2770,青葱,1
57,love,1
2768,青春期,1
58,mark,1
2766,青年,1
59,me,1
60,nice,1
61,qwq,1
2762,零差评,1
2761,零分,1
2760,集体,1
2759,雅思,1
62,real,1
2757,难怪,1
63,rryhtrhjfvknvjiur,1
64,sp,1
2754,难受,1
2753,难凉,1
2752,难,1
2751,隔阂,1
2750,隔壁,1
2773,非常适合,1
2775,非道,1
42,BGM,1
2776,靠,1
43,QAQ,1
2802,骗钱,1
44,S,1
2800,骑单车,1
2799,验证,1
2798,骄傲,1
2797,骂,1
45,SOSO,1
2795,饭,1
2794,飞扬,1
2793,风雨,1
2792,风范,1
2791,额,1
2789,颜下,1
2786,颇,1
2785,领悟到,1
2784,预期,1
2782,顶多,1
2781,頑張,1
51,bilibili,1
52,btw,1
53,cp,1
54,cry,1
2628,进一步,1
2627,进,1
132,一块,1
236,不怎么样,1
231,不应,1
2476,记得,1
2475,记录片,1
2474,议不造,1
2473,训话,1
232,不弃,1
2471,讨厌,1
234,不得了,1
235,不怎么,1
2468,解释,1
2467,解惑,1
2465,角度看,1
2624,这辈子,1
239,不懈,1
2463,觉着,1
2461,观者,1
244,不服输,1
245,不止,1
2458,观众,1
2457,见到,1
2456,要花,1
2455,要死,1
246,不比,1
247,不求上进,1
2478,讲得,1
2479,讲术,1
2480,讲话,1
2482,许多,1
2505,说话,1
2504,说真的,1
2503,说教,1
2502,说实话,1
218,不变,1
219,不可,1
2499,诱导式,1
2498,误导,1
2497,语言,1
2496,语气,1
220,不可多得,1
2494,该作,1
222,不多,1
2492,诡异,1
224,不大且,1
225,不太,1
2489,诚挚,1
2488,词是,1
227,不如意,1
228,不姓,1
2485,评价,1
229,不小,1
2483,论文,1
2451,西红门,1
2450,西村,1
2449,褒义词,1
264,不落俗套,1
2420,虚构,1
268,不论,1
2418,落,1
2417,营养,1
2416,萌,1
2415,菜鸡,1
270,不适,1
2413,莫大,1
271,不造,1
2411,荟聚店,1
2410,荒诞,1
2409,荐观,1
2408,茁壮成长,1
2407,英语老师,1
2406,英语,1
2405,苦,1
2404,花瓶,1
2403,节奏,1
2402,艺术,1
2401,色彩,1
2400,艰辛,1
272,不錯,1
2398,良好,1
265,不虚此行,1
263,不良少年,1
2448,袭战,1
2424,蛮高,1
2447,袭剧,1
2446,被迫,1
250,不用说,1
2444,表达方式,1
252,不真實,1
253,不知,1
2441,表白,1
2440,表现力,1
254,不知所措,1
255,不离,1
1991,热情,1
2436,补点,1
256,不符,1
259,不经意,1
2433,衣服,1
2432,街,1
2431,行动,1
261,不至于,1
262,不舍,1
2428,融解,1
2427,融化,1
2426,融入,1
2425,蛻變,1
217,不去,1
2507,请问,1
2508,读,1
2593,过来,1
167,一股,1
2589,迅速,1
170,一课,1
172,一贯作风,1
174,一辈子,1
2585,辣,1
2584,辜负,1
175,一边,1
2582,辅导,1
176,一遍,1
2580,轻松,1
179,一颗,1
2577,轮,1
2576,转向,1
2575,轨迹,1
2574,躲避,1
180,万众瞩目,1
181,万年,1
2571,身份,1
2570,身为,1
182,万本,1
2568,蹦跳,1
2567,跳开,1
2592,过得,1
165,一级,1
2565,路线,1
162,一看,1
2623,这般,1
2622,这类,1
135,一如,1
137,一家人,1
2619,这特,1
2618,这点,1
141,一所,1
143,一排,1
2613,这句,1
2612,这剂,1
2611,这位,1
144,一摸,1
2608,这么久,1
146,一条,1
147,一条条,1
148,一条线,1
149,一来,1
153,一死,1
2602,还脑,1
155,一流,1
159,一片,1
2597,近年,1
2596,近乎,1
2566,路途,1
183,三,1
215,不分,1
2536,走读生,1
2534,走一遍,1
204,不了,1
205,不亏,1
2531,资源,1
206,不仅,1
2529,贼,1
2528,费力,1
208,不住,1
2526,贵,1
209,不俗,1
2524,贴近,1
2523,贴标签,1
2522,贴上标签,1
210,不值,1
2520,质疑,1
2519,质地,1
2518,责任感,1
2517,责任心,1
2515,财团,1
2514,负责,1
213,不光,1
2512,谎话,1
214,不再,1
2535,走心,1
2537,走远,1
184,三个,1
202,下车,1
2562,跟着,1
185,三妹,1
186,三捆,1
2559,跑步,1
2558,跑,1
187,三本,1
2556,跌宕,1
2555,足矣,1
188,三次,1
189,三角恋,1
190,三防布,1
2551,超过,1
192,上下,1
194,上网,1
2548,超美,1
195,上进心,1
197,下决心,1
2545,超暖心,1
2544,超低,1
198,下去,1
2542,起航,1
199,下有,1
2539,起,1
502,全场,1
1034,好久,1
1990,热底,1
839,喝一杯,1
1367,怪怪的,1
1366,怨天尤人,1
1365,性,1
1364,急于,1
1363,思考,1
1362,思维,1
1361,思想,1
1360,怜,1
1359,怎样,1
1358,怎么样,1
836,喜悦,1
1355,怀揣,1
1341,忍俊不禁,1
840,喝采,1
1353,怀孕,1
1352,忽视,1
1351,念书,1
1350,快餐,1
1348,快,1
1347,忧伤,1
1346,忘记,1
1345,忘,1
1344,志類,1
1343,志,1
835,喜剧,1
834,喊,1
832,善意,1
831,喂,1
1398,想着,1
1396,想来,1
820,售出,1
1394,想像中,1
821,唯一,1
1392,惯例,1
1391,惊喜,1
822,唯独,1
823,唯美,1
1387,情商,1
1386,情不自禁,1
1384,悲伤,1
1383,悲,1
1382,恶心,1
1381,恶俗,1
1380,恰到好处,1
1379,恐怕,1
1378,恋空,1
1376,总要,1
829,啧,1
1374,总有,1
830,啧啧,1
1372,总归,1
1342,忍着,1
1340,忍,1
817,哭过,1
871,国籍,1
1304,很快,1
864,固有,1
1302,很差,1
869,国家,1
1299,很多年,1
870,国界,1
1297,很变,1
1296,很受,1
1295,很勵,1
1294,很具,1
1293,很假,1
1291,很久以前,1
842,嗑,1
1290,很久,1
872,国耻,1
1288,待,1
1287,彷徨,1
874,圆圆的,1
1284,影视,1
1282,影射,1
876,圆脸,1
1280,影城,1
877,圈钱,1
1278,彩虹,1
1305,很早以前,1
861,因此,1
1309,很深,1
1311,很燃,1
1338,必要,1
1337,必竟,1
844,嘛,1
1335,必然,1
1334,必会,1
845,嘟嘟,1
1332,心血,1
1331,心甘情愿,1
846,嘲笑,1
852,回味,1
1327,心头,1
1326,心仪,1
1323,微笑,1
1322,從,1
1321,徘徊,1
1320,得过且过,1
1319,得奖,1
856,回想到,1
1317,得不到,1
1315,律师,1
1314,很闷,1
858,回收,1
1312,很纯,1
818,唇,1
816,哭死了,1
1989,烂出,1
1479,手表,1
758,后盾,1
1489,打眶,1
1488,打球,1
1487,打气,1
759,后辈,1
1485,打动,1
1484,打入,1
762,吐槽,1
1482,扑面而来,1
764,向上,1
765,向前,1
1478,手法,1
1462,或多或少,1
1477,手机,1
1476,手动,1
1475,所谓,1
1474,所活,1
766,向着,1
768,君,1
1471,所在,1
769,吝啬,1
772,含义,1
774,听不懂,1
1466,截然不同,1
1491,打破,1
1492,打磨,1
754,名言,1
1494,打败,1
1518,拉来,1
1516,抽烟,1
1515,抽泣,1
1514,抵触,1
748,同桌,1
1512,抱怨,1
749,同病相怜,1
1510,报考,1
1509,抛开,1
1508,投身,1
1507,投入,1
1506,抓起,1
750,名古屋,1
1504,找到,1
1503,找,1
1502,批评,1
1501,扯,1
1500,扭,1
752,名校,1
1498,扣人心弦,1
753,名牌大学,1
1496,打转,1
1495,打赢,1
777,启示,1
1461,或,1
1402,想过,1
1418,感染,1
798,咬牙,1
1428,愿,1
1427,愧疚,1
1426,愤青,1
799,咳咳,1
1424,感触良多,1
800,哄,1
801,哇,1
1421,感覺,1
1420,感激,1
802,哈,1
803,哈佛,1
1460,我辈,1
1415,感恩,1
806,哈气,1
809,哟,1
1411,感到,1
1410,感冒,1
811,哪,1
1408,感,1
1407,意愿,1
813,哪儿,1
1404,意外,1
814,哪有,1
1430,慢慢,1
1431,憋屈,1
797,咖啡,1
1433,懂事,1
782,呈现,1
783,呈现出,1
1457,我特,1
1456,我泪,1
1455,我太多,1
1454,我哥,1
1453,我先,1
1452,我会,1
1450,我亲,1
786,呦,1
1447,成都,1
1446,成败,1
788,周遭,1
1444,成熟,1
1443,成本,1
1442,成就,1
1441,成学霸,1
789,味,1
792,呼吁,1
1438,成,1
1437,戏份,1
793,呼应,1
1435,懐,1
878,國內,1
879,土俗,1
1275,当真,1
1111,实习,1
971,天道酬勤,1
1121,宣传语,1
1120,宣传片,1
973,太下,1
1118,客观,1
974,太久,1
1116,实验班,1
1115,实际,1
975,太低,1
1113,实惠,1
976,太假,1
1110,官司,1
1096,宇宙,1
1109,完花,1
977,太吵,1
1107,完成,1
1106,完想,1
1105,完好,1
1103,完全符合,1
979,太大,1
1101,完会,1
980,太好了,1
1099,安排,1
981,太快,1
970,天呐,1
1124,家伙,1
969,天会,1
968,天亮,1
1151,小朋友,1
1150,小时候,1
956,大法,1
957,大片,1
1147,小姑娘,1
1146,小伙儿,1
1145,小人物,1
958,大牌,1
1143,對,1
1142,将来,1
959,大男人主义,1
960,大男子主义,1
1139,导师,1
1138,对象,1
1137,对比,1
1136,对待,1
1135,对付,1
962,大老爷们,1
1132,寓意,1
1131,宽容,1
1130,容错过,1
963,大街,1
965,大陆,1
982,太慢,1
984,太漂亮,1
881,在乎,1
1020,女主超,1
1013,女主挺,1
1014,女主有,1
1015,女主看,1
1060,如愿,1
1059,如同,1
1016,女主素,1
1017,女主能,1
1056,好补,1
1018,女主脸,1
1054,好莱坞,1
1053,好笑,1
1021,女主长,1
1094,學霸,1
1050,好燃,1
1049,好烂,1
1048,好样,1
1047,好极了,1
1024,女友,1
1042,好太多,1
1041,好多年,1
1029,女神,1
1038,好几条,1
1037,好几回,1
1033,好不容易,1
1012,女主好,1
1011,女主同款,1
1066,妹,1
1009,女一号,1
986,太短,1
1091,学费,1
987,太腻,1
988,太赞,1
989,夫妻,1
990,夫妻俩,1
994,失误,1
1084,学会,1
996,失败者,1
997,头昏眼花,1
999,夹,1
1080,孤独,1
1001,奇迹,1
1003,奋斗史,1
1076,婚变,1
1075,娓娓道来,1
1074,娃娃脸,1
1073,娃娃,1
1072,姑娘,1
1004,奏,1
1070,妹纸,1
1006,奔著,1
1068,妹妹,1
1152,小耶佳,1
1153,小题大做,1
1155,少女,1
907,埋没,1
1243,弄出来,1
1242,弃学,1
1241,开明,1
895,坑,1
896,坚,1
1238,开头,1
1236,度过,1
898,坚强,1
1234,应试,1
901,坚持到底,1
902,坦途,1
1229,幼稚,1
954,大批量,1
908,培训,1
909,基石,1
910,基础,1
1225,年轻人,1
912,堕落,1
913,堵车,1
1222,年度,1
1221,年岁,1
1220,年代,1
1219,年,1
1218,平静,1
1244,弄成,1
1245,引,1
1246,引人深思,1
1247,引入,1
882,在场,1
883,在意,1
1271,当天,1
1270,当前,1
884,在校,1
1268,当代,1
1267,当中,1
1265,归于,1
1264,归,1
1263,强迫性,1
889,场次,1
890,坎坷,1
1260,强心剂,1
1259,强大,1
1258,强加,1
1256,弹幕,1
1255,強烈,1
1254,弦,1
892,坏孩子,1
1252,引起共鸣,1
1251,引用,1
1250,引带,1
1248,引发,1
1217,平铺直叙,1
1216,平淡无奇,1
1214,平日,1
1182,岗位,1
1179,展示,1
1178,屏幕,1
940,多累,1
1176,屈服,1
942,大人,1
1174,层次,1
1173,屁话,1
1172,尿点,1
943,大力支持,1
1170,尽力去做,1
1169,尽力,1
944,大又圆,1
1167,尽,1
945,大口,1
1165,就行了,1
946,大四,1
947,大多,1
1162,就会少,1
1161,就业,1
948,大多数,1
949,大大的,1
953,大屏幕,1
1157,少男,1
938,多次,1
937,多有,1
915,填鸭式,1
1184,崇敬,1
916,塾主,1
1211,平坦,1
917,境况,1
1209,干净,1
1208,干为,1
918,增添,1
1206,常见,1
919,墮胎,1
1204,帮别人,1
920,壮士,1
922,处,1
1200,带入,1
925,备战,1
926,备考,1
927,复制,1
1194,差远了,1
929,多一点,1
931,多人,1
932,多多,1
933,多学多,1
934,多少,1
1187,工夫,1
936,多数,1
1519,拉肚子,1
1520,拋向,1
745,合适,1
576,分手,1
1843,正经,1
1842,正版,1
574,分分合合,1
1840,正常,1
1839,正好,1
1838,正在,1
575,分子,1
1836,欲望,1
1835,欧美,1
1834,欣赏,1
1833,次,1
577,分是,1
1818,梗,1
1830,模拟考,1
1829,模式,1
1828,榜样,1
1827,椅子,1
578,分量,1
1825,棒球,1
580,切实,1
1823,棒呆,1
581,刘,1
583,刚刚,1
1820,梦寐以求,1
1844,正能,1
573,分享,1
571,击退,1
1847,歪果,1
553,几年,1
555,几部,1
1870,毫无,1
556,凡事,1
557,凭,1
558,凭着,1
1866,比说,1
559,凸出,1
1864,每顿,1
1863,每次,1
1862,每晚,1
561,出乎意料,1
562,出于,1
1859,每一件,1
563,出产,1
1856,母女情,1
565,出场,1
566,出声,1
1852,毁,1
1851,段子,1
569,出现,1
1849,残酷,1
570,出门,1
584,刚好,1
1817,档次,1
1760,有钱,1
1775,本该,1
594,别奏,1
1786,来得及,1
597,到底,1
1784,条件,1
1783,村花能,1
598,到极点,1
1781,村架,1
1780,杀马特,1
1779,机构,1
599,制服,1
601,刻意,1
602,刻板,1
1816,框框,1
1772,本地,1
606,前去,1
1770,本事,1
1769,本,1
607,前必,1
1767,未免,1
1766,朦胧,1
608,前期,1
609,前行,1
1763,望子成龙,1
1762,服饰,1
1788,来讲,1
1790,来错,1
1791,松,1
1792,松子,1
1815,格式化,1
1814,格,1
585,刚看,1
586,创造,1
1811,校园,1
587,初中生,1
1809,标明,1
1808,标志,1
1807,查票,1
1806,柔软,1
1805,某类,1
1804,某种程度,1
1803,某些,1
1802,某个,1
1801,架构,1
588,初衷,1
589,删掉,1
1798,果断,1
1797,构成,1
1796,构思,1
1795,极道,1
590,判逆期,1
1793,极端,1
1873,气死,1
1874,气馁,1
1875,氛围,1
530,再三,1
1961,滴,1
1960,满足,1
513,关心,1
515,关灯,1
516,关系,1
1954,滚,1
1953,源于,1
520,其它,1
1035,好久没,1
522,具有,1
524,养眼,1
1946,渣,1
1876,水,1
1945,清洁,1
1944,清晰,1
1943,清新,1
1941,淹没,1
1940,深爱着,1
1939,深深,1
1938,深沉,1
1937,深有感触,1
533,再淡,1
1934,深入人心,1
1933,深,1
511,关乎,1
1963,漂漂亮亮,1
1964,演,1
509,共勉,1
1988,烂俗,1
503,全看,1
1986,点高潮,1
1985,点赞,1
1984,点点,1
1983,点个,1
505,全程无,1
1981,灵魂,1
1980,灌输,1
1979,灌,1
1978,激起,1
1977,激烈,1
1976,激情,1
506,全身心,1
1974,激动,1
1973,澎湃,1
1972,潸然,1
1971,潜在,1
1970,潜力,1
507,全部,1
508,六年,1
1967,演成,1
1966,演员阵容,1
1932,淡淡的,1
1931,淡到,1
1930,消费,1
541,写长评,1
1900,注定,1
1899,波澜,1
1898,波折,1
542,冲劲,1
1896,沦陷,1
1895,没话说,1
1894,没能,1
1893,没考,1
1892,没看,1
543,冲村花,1
1890,没意思,1
1888,没劲,1
1887,没出息,1
545,冲突,1
546,冷眼,1
1884,没一截,1
548,凌晨,1
1882,沟通,1
1881,沙耶子,1
551,几分,1
552,几处,1
1878,永不言弃,1
1877,水平,1
1901,注重,1
540,写实,1
1929,消极,1
1904,泪水,1
1928,海街,1
1927,海报,1
534,再美,1
1925,浪费时间,1
535,再苦,1
1923,浓缩,1
536,再见,1
1921,浓到,1
1920,浓,1
1919,浅显,1
1918,流着泪,1
1917,流畅,1
1916,流下,1
1915,派,1
1914,活脱脱,1
1913,活着,1
1912,活在,1
537,冒尖,1
1910,洞大开,1
1909,洗白,1
1908,泪節,1
538,冗长,1
1905,泪流满面,1
610,前面,1
1759,有趣,1
1522,拍不出,1
703,取错,1
1607,教育观,1
697,发奋,1
1605,教育工作者,1
699,发现,1
1603,教导,1
1601,教学楼,1
701,发生,1
1599,敌,1
1598,效果,1
1597,故事情节,1
702,发誓,1
704,受不了,1
1579,摩擦,1
1592,放在,1
1591,放,1
1590,改观,1
1589,改编自,1
706,受用,1
708,变丑,1
1586,收藏,1
709,变学霸,1
1584,支撑,1
1583,支持者,1
1581,操,1
1608,散场,1
1609,敬,1
1610,敬佩,1
1611,数学老师,1
1639,无所畏惧,1
676,原声,1
1637,无意之中,1
1636,无华,1
1634,旅途,1
680,厲志,1
682,去不去,1
1629,方便,1
684,去码,1
1627,新闻,1
686,参杂,1
1625,新一代,1
688,又哭又闹,1
1623,斟酌,1
1621,文综,1
1620,文学,1
1619,文化,1
1618,整部,1
1617,整整,1
1615,整场,1
695,反而,1
696,发出,1
1612,整一个,1
1580,撕,1
1578,搭配,1
1758,有种,1
1535,按,1
1548,挺燃,1
720,只不过,1
1546,挺大,1
726,叫嚣,1
729,可小可大,1
1542,振作,1
730,可怜,1
1540,挥洒,1
1539,挖掘,1
737,可言,1
1536,按时,1
1534,拿来,1
711,变态,1
738,可贵,1
1532,拼尽,1
1531,拼多,1
739,吃饭,1
740,各,1
741,各个,1
1527,拥抱,1
1526,拜金,1
742,各位,1
1524,拍过,1
744,各自,1
1549,挺高,1
1550,捕捉,1
717,古板,1
1552,捡,1
1576,搞不懂,1
1575,搞不定,1
1573,損失,1
1572,揭示,1
1571,插曲,1
1570,提神,1
1569,提倡,1
714,叙述,1
1567,描画,1
1566,推薦,1
716,口碑,1
1564,控制,1
1563,控,1
1562,接送,1
1561,接触,1
1560,接纳,1
1559,接着,1
1558,接手,1
1557,授业,1
1556,据说,1
1555,捧杀,1
1554,换成,1
1553,换,1
1640,无敌,1
1641,无数次,1
1642,无时无刻,1
645,勾起,1
1728,最最,1
1727,最怕,1
639,勇士,1
1723,最出色,1
1722,最二刷,1
641,勇敢,1
642,勇气,1
1719,曾,1
1718,更能,1
1717,更燃,1
644,勾心斗角,1
646,包围,1
1643,无条件,1
1711,暴力,1
1710,暖片,1
1709,暖暖的,1
649,匆匆,1
1707,智慧,1
1706,普通家庭,1
1705,普通人,1
650,化,1
1703,晚上,1
1702,晚,1
1701,晕,1
637,劲,1
1730,最深,1
1732,最美,1
632,助力,1
612,剧好,1
1755,有淚點,1
615,剧集,1
1753,有没有,1
616,剩下,1
1751,有木,1
617,劈,1
618,力挺,1
619,力气,1
1747,有所,1
621,办法,1
622,功不可没,1
623,功底,1
1743,有太大,1
624,加,1
1741,有喜,1
1740,有利,1
625,加上,1
626,加以,1
628,动作,1
630,动感,1
631,动画,1
1734,月,1
1700,晓得,1
651,化妆品,1
652,北京,1
1671,早已,1
1668,日货,1
663,印象,1
1665,日记,1
665,即便,1
1663,日本式,1
1661,日期,1
1660,日影,1
667,即视感,1
669,厅,1
670,历程,1
1656,日产,1
1655,日,1
1654,既,1
673,厌恶,1
1652,无语,1
1651,无论怎样,1
1650,无论如何,1
674,原先,1
1648,无能为力,1
675,原因,1
1646,无穷的,1
1645,无穷尽,1
1644,无法,1
1669,早,1
1672,早恋,1
1697,是否,1
1673,早戀片,1
1696,是从,1
654,千万,1
655,半个,1
1693,昨天,1
1692,映射,1
1691,星,1
1690,明白,1
1689,明显,1
1688,明星,1
1687,明天,1
1686,时间段,1
656,半夜,1
1684,时能,1
1683,时有,1
1682,时光流逝,1
657,单单,1
658,单纯,1
659,单薄,1
660,单调,1
1677,早餐,1
661,卖点,1
1675,早早,1
1674,早日,1
1951,湊毫,1
